{
  "urls": {
    "1": {
      "url": "http://editus.tilda.ws/",
      "folder": "html",
      "filename": "2b55431ee2c6d82c0c54f10afa7279ad35b3aa55.00000001.html",
      "filetime": "20210123223050",
      "filesize": "28989",
      "mimetype": "text/html",
      "charset": "utf-8",
      "url_original": "http://editus.tilda.ws/"
    }
  }
}
{
  "urls": {
    "2": {
      "url": "http://editus.tilda.ws/page16762560.html",
      "folder": "html",
      "filename": "2a6a88946661a18edc29bc588cd11b61339b16aa.00000002.html",
      "filetime": "20210123222726",
      "filesize": "20926",
      "mimetype": "text/html",
      "charset": "utf-8",
      "url_original": "http://editus.tilda.ws/page16762560.html"
    }
  }
}
{
  "urls": {
    "3": {
      "url": "http://editus.tilda.ws/page16763216.html",
      "folder": "html",
      "filename": "a3b84376c60bedf95049149f55affce4840c60bc.00000003.html",
      "filetime": "20210123222726",
      "filesize": "25979",
      "mimetype": "text/html",
      "charset": "utf-8",
      "url_original": "http://editus.tilda.ws/page16763216.html"
    }
  }
}
{
  "urls": {
    "7": {
      "url": "http://editus.tilda.ws/robots.txt",
      "folder": "html",
      "filename": "903dc7fdd7dc540e13d304c743e65a4bee8bfebb.00000007.txt",
      "filetime": "20210123222726",
      "filesize": "342",
      "mimetype": "text/plain",
      "charset": "utf-8",
      "url_original": "http://editus.tilda.ws/robots.txt"
    }
  }
}
{
  "urls": {
    "4": {
      "url": "http://editus.tilda.ws/page16763226.html",
      "folder": "html",
      "filename": "110f004527dac9d14a5780967750c7b0f36bd6bc.00000004.html",
      "filetime": "20210123222726",
      "filesize": "19847",
      "mimetype": "text/html",
      "charset": "utf-8",
      "url_original": "http://editus.tilda.ws/page16763226.html"
    }
  }
}
{
  "urls": {
    "8": {
      "url": "http://editus.tilda.ws/sitemap.xml",
      "folder": "html",
      "filename": "977ed0c2975731f8cd958fb3b73c0bf9882bae0c.00000008.xml",
      "filetime": "20210123223051",
      "filesize": "964",
      "mimetype": "text/xml",
      "charset": "",
      "url_original": "http://editus.tilda.ws/sitemap.xml"
    }
  }
}
{
  "urls": {
    "6": {
      "url": "http://editus.tilda.ws/page16763231.html",
      "folder": "html",
      "filename": "43fd00adcfa0eec54dae2f0ea4a09dbaddb658c8.00000006.html",
      "filetime": "20210123222726",
      "filesize": "17638",
      "mimetype": "text/html",
      "charset": "utf-8",
      "url_original": "http://editus.tilda.ws/page16763231.html"
    }
  }
}
{
  "urls": {
    "9": {
      "url": "http://editus.tilda.ws/tilda-blocks-2.12.css?t=1611440844",
      "folder": "html",
      "filename": "1bae387520a124f5e6987c54d083e9bd3a06d3ee.00000009.css",
      "filetime": "20210123223050",
      "filesize": "51889",
      "mimetype": "text/css",
      "charset": "",
      "url_original": "http://editus.tilda.ws/tilda-blocks-2.12.css?t=1611440844"
    }
  }
}
{
  "urls": {
    "11": {
      "url": "http://editus.tilda.ws/tilda-blocks-2.7.js?t=1611440844",
      "folder": "html",
      "filename": "ffe775c13b72040190059ece0a3a44463ec73ded.00000011.js",
      "filetime": "20210123223050",
      "filesize": "9552",
      "mimetype": "application/javascript",
      "charset": "",
      "url_original": "http://editus.tilda.ws/tilda-blocks-2.7.js?t=1611440844"
    }
  }
}
{
  "urls": {
    "10": {
      "url": "http://editus.tilda.ws/tilda-blocks-2.12.css?t=1611441050",
      "folder": "html",
      "filename": "257cf8193dce0d3ae9612625256342d981025553.00000010.css",
      "filetime": "20210123223050",
      "filesize": "51889",
      "mimetype": "text/css",
      "charset": "",
      "url_original": "http://editus.tilda.ws/tilda-blocks-2.12.css?t=1611441050"
    }
  }
}
{
  "urls": {
    "5": {
      "url": "http://editus.tilda.ws/page16763228.html",
      "folder": "html",
      "filename": "54d3b742cefd85fb7dea538249abd538829f6069.00000005.html",
      "filetime": "20210123222726",
      "filesize": "45884",
      "mimetype": "text/html",
      "charset": "utf-8",
      "url_original": "http://editus.tilda.ws/page16763228.html"
    }
  }
}
{
  "urls": {
    "12": {
      "url": "http://editus.tilda.ws/tilda-blocks-2.7.js?t=1611441050",
      "folder": "html",
      "filename": "561051c172a1a1e95ec14c37f2fc247aee25e85f.00000012.js",
      "filetime": "20210123223050",
      "filesize": "9552",
      "mimetype": "application/javascript",
      "charset": "",
      "url_original": "http://editus.tilda.ws/tilda-blocks-2.7.js?t=1611441050"
    }
  }
}
